Supercharger,Street Address,City,State,Zip,Country,Stalls,GPS,Elev.(m),Status,Open Date,Tesla,Discuss
"Reno, NV",3800 S Virginia St,Reno,NV,89509,USA,6,"39.489732, -119.794179","1,356",Open,2016-05-05,SC,thread
"Hawthorne, NV",705 Hwy 362,Hawthorne,NV,89415,USA,8,"38.533939, -118.62308","1,301",Open,2016-05-03,SC,thread
"Pearl, MS",200 Bass Pro Dr,Pearl,MS,39208,USA,8,"32.274159, -90.151048",79,Open,2016-03-31,SC,thread
"Terre Haute, IN","Meijer, 5600 E, New Margaret Dr",Terre Haute,IN,47803,USA,8,"39.443345, -87.331737",171,Open,2016-03-30,SC,thread
"Champaign, IL",2401 N Prospect Ave,Champaign,IL,61822,USA,8,"40.146209, -88.259884",228,Open,2016-03-23,SC,thread
"Warsaw, NC",2676 W Nc 24 Hwy,Warsaw,NC,28398,USA,6,"34.994793, -78.135673",47,Open,2016-03-11,SC,thread
"Beatty, NV",700 US-95,Beatty,NV,89003,USA,8,"36.913718, -116.754371","1,011",Open,2016-02-09,SC,thread
"Slidell, LA",Fremaux Town Center 1303 Town Center Pkwy,Slidell,LA,70458,USA,8,"30.266552, -89.760156",3,Open,2016-02-06,SC,thread
"Fresno, CA",6709 North Riverside Dr,Fresno,CA,93704,USA,10,"36.835455, -119.91058",91,Open,2016-01-29,SC,thread
"Buttonwillow, CA",20673 Tracy Ave,Buttonwillow,CA,93206,USA,10,"35.400105, -119.397796",90,Open,2016-01-29,SC,thread
"Allentown, PA","Tilghman Square, 4680 Broadway",Allentown,PA,18104,USA,8,"40.588102, -75.559904",125,Open,2016-01-21,SC,thread
"Mammoth Lakes, CA",165 Old Mammoth Rd,Mammoth Lakes,CA,93546,USA,8,"37.644544, -118.965875","2,390",Open,2016-01-21,SC,thread
"Ukiah, CA",310 S State St,Ukiah,CA,95482,USA,8,"39.148694, -123.20787",193,Open,2016-01-13,SC,thread
"Victoria, TX",3107 South Laurent St,Victoria,TX,77901,USA,6,"28.766853, -96.978988",23,Open,2015-12-30,SC,thread
"Louisville, KY",3101 Bardstown Rd,Louisville,KY,40205,USA,8,"38.211846, -85.673087",151,Open,2015-12-30,SC,thread
"Wytheville, VA",165 Malin Dr.,Wytheville,VA,,USA,6,"36.945795, -81.054406",683,Open,2015-12-30,SC,thread
"Colorado Springs, CO",215 North Cascade Ave,Colorado Springs,CO,80903,USA,8,"38.837573, -104.824907","1,835",Open,2015-12-29,SC,thread
"Cadillac, MI",8605 34 Rd,Cadillac,MI,49601,USA,8,"44.282551, -85.403096",393,Open,2015-12-23,SC,thread
"Plantation, FL",813 S University Dr,Plantation,FL,33324,USA,8,"26.108976, -80.250883",1,Open,2015-12-19,SC,thread
"Asheville, NC",800 Brevard Road,Asheville,NC,,USA,8,"35.531391, -82.604487",662,Open,2015-12-16,SC,thread
"Lexington, VA",880 N. Lee Highway,Lexington,VA,,USA,6,"37.796979, -79.419007",319,Open,2015-12-16,SC,thread
"Burbank, CA",811 S San Fernando Blvd,Burbank,CA,91502,USA,6,"34.174712, -118.300826",168,Open,2015-12-15,SC,thread
"Tannersville, PA",1000 Premium Outlets Dr,Tannersville,PA,18372,USA,8,"41.045431, -75.312244",284,Open,2015-12-14,SC,thread
"Augusta, ME",13 Stephen King Dr.,Augusta,ME,4330,USA,8,"44.34787, -69.786088",96,Open,2015-12-04,SC,thread
"Kingsland, GA",Kingsland Welcome Center 1190 East Boone Ave,Kingsland,GA,31548,USA,6,"30.790764, -81.663729",8,Open,2015-11-18,SC,thread
"Greenville, SC",108 Carolina Point Pkwy,Greenville,SC,29607,USA,8,"34.825895, -82.306973",304,Open,2015-11-09,SC,thread
"Amarillo, TX",8271 W Amarillo Blvd,Amarillo,TX,79124,USA,8,"35.192198, -101.933371","1,134",Open,2015-11-05,SC,thread
"Denton, TX",2710 W University Dr,Denton,TX,76201,USA,6,"33.231403, -97.166419",212,Open,2015-11-04,SC,thread
"South Burlington, VT",222 Dorset St,South Burlington,VT,5403,USA,8,"44.463327, -73.180184",94,Open,2015-11-04,SC,thread
"Sandy, OR",16625 SE 362nd Dr,Sandy,OR,97055,USA,8,"45.403531, -122.294242",236,Open,2015-11-04,SC,thread
"Binghamton, NY",1062 Front St,Binghamton,NY,13905,USA,8,"42.145553, -75.901755",262,Open,2015-11-01,SC,thread
"Twin Falls, ID","Twin Falls Tourist Center, 2015 Nielsen Point Place",Twin Falls,ID,83301,USA,8,"42.598103, -114.456183","1,101",Open,2015-10-28,SC,thread
"Truckee-Brockway Rd, CA",The Rock 11209 Brockway Rd,Truckee,CA,96161,USA,8,"39.321865, -120.1621","1,801",Open,2015-10-23,SC,thread
"Gardnerville, NV","Topaz Lodge, 1979 US-395",Gardnerville,NV,89410,USA,6,"38.695341, -119.547596","1,579",Open,2015-10-22,SC,thread
"Baxter, MN",6967 Lake Forest Rd,Baxter,MN,56425,USA,8,"46.378868, -94.256413",369,Open,2015-10-21,SC,thread
"Hinckley, MN",404 Fire Monument Rd,Hinckley,MN,55037,USA,8,"46.009592, -92.93155",313,Open,2015-10-21,SC,thread
"Norfolk, VA",5900 E Virginia Beach Blvd,Norfolk,VA,,USA,6,"36.858614, -76.206015",4,Open,2015-10-18,SC,thread
"Dublin, CA",6701 Amador Plaza Rd,Dublin,CA,94568,USA,10,"37.702359, -121.92593",103,Open,2015-10-17,SC,thread
"Price, UT",925 West Westwood Blvd,Price,UT,84501,USA,8,"39.601655, -110.83131","1,207",Open,2015-10-16,SC,thread
"Seabrook, NH",700 Lafayette Rd,Seabrook,NH,3874,USA,8,"42.895182, -70.869351",16,Open,2015-10-09,SC,thread
"Sheboygan, WI","595 Taylor Dr, by Festival Foods",Sheboygan,WI,53081,USA,8,"43.749912, -87.747073",200,Open,2015-10-07,SC,thread
"Gillette, WY","Hampton Inn, 211 Decker Ct",Gillette,WY,82718,USA,4,"44.29301, -105.526628","1,400",Open,2015-09-24,SC,thread
"Tallahassee, FL",1400 Village Square Blvd,Tallahassee,FL,32309,USA,6,"30.510935, -84.247838",63,Open,2015-09-23,SC,thread
"Tinton Falls, NJ",1 Premium Outlets Blvd,Tinton Falls,NJ,7753,USA,8,"40.226272, -74.093538",33,Open,2015-09-19,SC,thread
"Las Vegas, NM",2500 N Grand Ave,Las Vegas,NM,87701,USA,6,"35.621267, -105.204598","1,970",Open,2015-09-14,SC,thread
"Columbia, MO",915 Port Way,Columbia,MO,65201,USA,8,"38.958728, -92.252464",254,Open,2015-09-11,SC,thread
Albuquerque NM,2600 Menaul Blvd NE,Albuquerque,NM,87107,USA,6,"35.108962, -106.612794","1,558",Open,2015-09-04,SC,thread
"Kennewick, WA",2811 W 10th Ave,Kennewick,WA,99336,USA,8,"46.198085, -119.162734",167,Open,2015-09-04,SC,thread
"Strasburg, VA",119 Hite Ln,Strasburg,VA,22657,USA,6,"39.00496, -78.337836",204,Open,2015-09-02,SC,thread
"Fountain Valley, CA",17900 Newhope St,Fountain Valley,CA,92708,USA,8,"33.70278, -117.934127",11,Open,2015-08-28,SC,thread
"Ann Arbor, MI",3145 Saline Road,Ann Arbor,MI,48108,USA,8,"42.240687, -83.766265",282,Open,2015-08-20,SC,thread
"Seaside, CA",1901 Del Monte Blvd,Seaside,CA,93955,USA,6,"36.616759, -121.844014",10,Open,2015-08-13,SC,thread
"Dedham, MA",840 Providence Highway,Dedham,MA,,USA,8,"42.236034, -71.178634",29,Open,2015-08-08,SC,thread
"Boise, ID",1426 S Entertainment Ave,Boise,ID,83709,USA,8,"43.591886, -116.279015",838,Open,2015-08-07,SC,thread
"Oklahoma City, OK",7624 West Reno Ave #380,Oklahoma City,OK,,USA,8,"35.461704, -97.651445",372,Open,2015-07-31,SC,thread
"Trinidad, CO",9960 Santa Fe Trail,Trinidad,CO,81082,USA,6,"37.134228, -104.519962","1,933",Open,2015-07-30,SC,thread
"Duluth, MN",200 W 1st St,Duluth,MN,55802,USA,4,"46.784467, -92.10232",200,Open,2015-07-17,SC,thread
"West Lebanon, NH",285 N Plainfield Rd #1,West Lebanon,NH,3784,USA,8,"43.624616, -72.324692",104,Open,2015-07-17,SC,thread
"Sheridan, WY",612 North Main St,Sheridan,WY,82801,USA,4,"44.804565, -106.956363","1,136",Open,2015-07-15,SC,thread
"San Mateo, CA",1200 Park Pl,San Mateo,CA,94403,USA,8,"37.544632, -122.290188",3,Open,2015-07-10,SC,thread
"Houston, TX",14820 North Freeway,Houston,TX,77090,USA,6,"29.980741, -95.421697",31,Open,2015-07-09,SC,thread
"Cranbury, NJ",Molly Pitcher Service Area,Cranbury,NJ,8512,USA,4,"40.321021, -74.488254",36,Open,2015-07-09,SC,thread
"Nashville, TN",1641 Westgate Circle,Brentwood,TN,37027,USA,6,"35.969209, -86.804641",226,Open,2015-07-08,SC,thread
"Grand Rapids, MI",5531 28th St SE,Grand Rapids,MI,49512,USA,8,"42.915523, -85.533929",227,Open,2015-06-25,SC,thread
"Baker City, OR",1 Sunridge Ln,Baker City,OR,97814,USA,8,"44.782849, -117.812422","1,044",Open,2015-06-25,SC,thread
"Newburgh, NY",1217 Route 300,Newburgh,NY,12550,USA,6,"41.499775, -74.071261",104,Open,2015-06-23,SC,thread
"East Brunswick, NJ","Joyce Kilmer Service Area, New Jersey Turnpike",East Brunswick,NJ,8816,USA,4,"40.41701, -74.444085",37,Open,2015-06-19,SC,thread
"Buffalo, NY",4455 Transit Road,Buffalo,NY,14221,USA,8,"42.968673, -78.696128",213,Open,2015-06-11,SC,thread
"Mountain View, CA",1401 N Shoreline Blvd,Mountain View,CA,94043,USA,12,"37.415344, -122.076607",6,Open,2015-06-10,SC,thread
"San Diego, CA",10105 Pacific Heights Blvd,San Diego,CA,92121,USA,12,"32.902137, -117.193489",88,Open,2015-06-08,SC,thread
"Cincinnati, OH","9111 Blue Ash, Rd.",Cincinnati,OH,45242,USA,8,"39.224429, -84.383415",258,Open,2015-06-05,SC,thread
"Pendleton, OR",46510 Wildhorse Blvd,Pendleton,OR,97801,USA,8,"45.648679, -118.678968",437,Open,2015-05-28,SC,thread
"Knoxville, TN",11038 Parkside Dr,Knoxville,TN,37934,USA,8,"35.90229, -84.150775",286,Open,2015-05-27,SC,thread
"Cleveland, Tesla Service Center",5180 Mayfield Road,Lyndhurst,OH,44124,USA,1,"41.519027, -81.493345",314,Open,2015-05-09,SC,thread
"Marathon, FL",9400 Overseas Highway,Marathon,FL,33050,USA,4,"24.725172, -81.051135",1,Open,2015-05-02,SC,thread
"Tucumcari, NM",2624 South Adams St,Tucumcari,NM,88401,USA,6,"35.153963, -103.722539","1,253",Open,2015-04-21,SC,thread
"Mobile, AL",3201 Airport Blvd,Mobile,AL,36606,USA,8,"30.675347, -88.11901",6,Open,2015-04-16,SC,thread
"Syracuse, NY","439 Electronics Parkway,",Liverpool,NY,13088,USA,8,"43.102516, -76.187475",123,Open,2015-04-16,SC,thread
"St. Charles, MO",2021 Zumbehl Rd,St. Charles,MO,63303,USA,5,"38.782139, -90.532862",149,Open,2015-04-15,SC,thread
"Perry, OK",2812 Fir St,Perry,OK,73077,USA,6,"36.289315, -97.325935",330,Open,2015-04-15,SC,thread
"Tremonton, UT",Hampton Inn 2145 W Main St,Tremonton,UT,84337,USA,6,"41.70995, -112.198576","1,317",Open,2015-04-01,SC,thread
"Effingham, IL",1200 North Keller Dr,Effingham,IL,62401,USA,6,"39.137048, -88.563736",184,Open,2015-03-28,SC,thread
"Mojave, CA",Anthony's Grill 16940 California 14 Hwy 14,Mojave,CA,93501,USA,6,"35.068595, -118.174576",866,Open,2015-03-27,SC,thread
"Riviera Beach, FL",4651 Dyer Blvd,Riviera Beach,FL,33407,USA,8,"26.778172, -80.112944",4,Open,2015-03-21,SC,thread
"Inyokern, CA",1353 Brown Rd,Inyokern,CA,93527,USA,4,"35.646461, -117.812629",742,Open,2015-03-20,SC,thread
"Santa Rosa, NM",2516 Historic Rt 66,Santa Rosa,NM,88435,USA,6,"34.947013, -104.647997","1,440",Open,2015-03-13,SC,thread
"Ardmore, OK",322 Holiday Dr,Ardmore,OK,73401,USA,6,"34.179106, -97.165632",259,Open,2015-03-13,SC,thread
"Weatherford, OK",1301 N Airport Rd by Lucille's Roadhouse,Weatherford,OK,73096,USA,6,"35.53859, -98.66012",485,Open,2015-03-11,SC,thread
"Council Bluffs, IA",3815 Metro Dr,Council Bluffs,IA,51501,USA,8,"41.220005, -95.836123",301,Open,2015-03-11,SC,thread
"Salt Lake City, UT",2312 S State St,Salt Lake City,UT,84115,USA,10,"40.7209, -111.888395","1,297",Open,2015-03-06,SC,thread
"Coeur d'Alene, ID",3458 N Fruitland Ln,Coeur d'Alene,ID,83815,USA,6,"47.708479, -116.794283",685,Open,2015-03-04,SC,thread
"Tooele, UT",1568 East Saddleback Blvd,Tooele,UT,84074,USA,6,"40.684486, -112.268818","1,290",Open,2015-02-25,SC,thread
"Charlotte, NC",2720 Mallard Creek Church RD,Charlotte,NC,28262,USA,8,"35.341213, -80.766023",232,Open,2015-02-25,SC,thread
"Rocklin (SC), CA",4361 Granite Drive,Rocklin,CA,95677,USA,8,"38.800537, -121.210485",98,Open,2015-02-20,SC,thread
"Shamrock, TX",107 East 12th St,Shamrock,TX,79079,USA,6,"35.226765, -100.24836",704,Open,2015-02-20,SC,thread
"Winnemucca, NV",1985 W. Winnemucca Blvd,Winnemucca,NV,89445,USA,4,"40.958847, -117.746497","1,308",Open,2015-02-18,SC,thread
"Independence, MO",18001 Bass Pro Drive,Independence,MO,64055,USA,6,"39.040814, -94.369265",245,Open,2015-02-17,SC,thread
"West Springfield, MA",935 Riverdale St,West Springfield,MA,1089,USA,8,"42.130914, -72.621435",17,Open,2015-02-14,SC,thread
"Manteca, CA",960 Perimeter Dr,Manteca,CA,95337,USA,8,"37.782622, -121.228683",9,Open,2015-02-12,SC,thread
"Utica, NY",50 Auert Ave,Utica,NY,13501,USA,8,"43.113878, -75.206857",128,Open,2015-02-11,SC,thread
"London, KY",140 Faith Assembly Church Rd,London,KY,40741,USA,6,"37.14916, -84.11385",361,Open,2015-02-04,SC,thread
"Petaluma, CA",401 Kenilworth Dr #1030,Petaluma,CA,94952,USA,10,"38.242693, -122.625049",8,Open,2015-02-03,SC,thread
"Elko, NV",2755 Mountain City Hwy,Elko,NV,89801,USA,6,"40.836301, -115.790859","1,574",Open,2015-02-03,SC,thread
"Lexington, KY",2155 Paul Jones Way,Lexington,KY,40509,USA,8,"38.017955, -84.420664",310,Open,2015-01-30,SC,thread
"Lone Pine, CA",701 S. Main St,Lone Pine,CA,93545,USA,4,"36.60059, -118.061916","1,137",Open,2015-01-28,SC,thread
"Lovelock, NV",150 Main St,Lovelock,NV,89419,USA,4,"40.179476, -118.472135","1,213",Open,2015-01-28,SC,thread
"West Wendover, NV",810 Wendover Blvd,West Wendover,NV,89883,USA,6,"40.738399, -114.058998","1,335",Open,2015-01-22,SC,thread
"Baton Rouge, LA",3535 Perkins Rd,Baton Rouge,LA,70808,USA,6,"30.423892, -91.154637",10,Open,2015-01-22,SC,thread
"Wichita, KS",4760 S. Broadway St.,Wichita,KS,67216,USA,6,"37.60878, -97.33314",388,Open,2015-01-21,SC,thread
"Redondo Beach, CA",2410 Marine Ave,Redondo Beach,CA,90278,USA,8,"33.894294, -118.367379",21,Open,2015-01-20,SC,thread
"Hooksett (north), NH",Interstate 93 N,Hooksett,NH,3106,USA,6,"43.110063, -71.475087",85,Open,2015-01-20,SC,thread
"Grove City, OH",2221 Stringtown Rd,Grove City,OH,43123,USA,8,"39.877253, -83.063448",243,Open,2015-01-16,SC,thread
"Brattleboro, VT",499 Canal St,Brattleboro,VT,5301,USA,8,"42.838443, -72.565798",129,Open,2015-01-16,SC,thread
"Needles, CA",2451 Needles HWY,Needles,CA,92363,USA,4,"34.850835, -114.624329",157,Open,2015-01-16,SC,thread
"Hooksett (south), NH",Interstate 93 S,Hooksett,NH,3106,USA,6,"43.109521, -71.477006",85,Open,2015-01-15,SC,thread
"DeFuniak Springs, FL",10th St and Baldwin Ave,DeFuniak Springs,FL,32435,USA,5,"30.720702, -86.116677",76,Open,2015-01-09,SC,thread
"Springfield, IL",3801 South MacArthur Blvd,Springfield,IL,62711,USA,8,"39.748868, -89.67119",184,Open,2015-01-09,SC,thread
"Auburn, MA",385 Southbridge St,Auburn,MA,1501,USA,8,"42.203608, -71.832516",156,Open,2014-12-29,SC,thread
"El Centro, CA",3451 S Dogwood Rd,El Centro,CA,92243,USA,8,"32.763723, -115.531517",-8,Open,2014-12-28,SC,thread
"Auburn, AL",1627 Opelika Rd,Auburn,AL,,USA,6,"32.625185, -85.446314",222,Open,2014-12-23,SC,thread
"Lima, OH",1933 Roschman Ave,Lima,OH,45804,USA,8,"40.726668, -84.071932",271,Open,2014-12-23,SC,thread
"Lake Charles, LA",1772 W. Prien Lake Rd,Lake Charles,LA,70601,USA,6,"30.200741, -93.248171",3,Open,2014-12-21,SC,thread
"Culver City, CA",6000 Hannum Ave,Culver City,CA,90230,USA,12,"33.986779, -118.390213",13,Open,2014-12-18,SC,thread
"Atlanta, GA",1371 Market St NW,Atlanta,GA,30363,USA,10,"33.792089, -84.393747",268,Open,2014-12-18,SC,thread
"Cabazon, CA",48400 Seminole Dr,Cabazon,CA,92230,USA,10,"33.93129, -116.820041",620,Open,2014-12-17,SC,thread
"Greenville, AL",219 Interstate Dr,Greenville,AL,36037,USA,6,"31.855989, -86.635765",145,Open,2014-12-06,SC,thread
"West Hartford, CT",1445 New Britain Ave,West Hartford,CT,6110,USA,8,"41.722672, -72.759717",52,Open,2014-12-05,SC,thread
"Superior, MT",205 E 4th Ave,Superior,MT,59872,USA,4,"47.192149, -114.888901",835,Open,2014-12-05,SC,thread
"Butte, MT",2900 Harrison Ave,Butte,MT,59701,USA,6,"45.981226, -112.507161","1,666",Open,2014-12-04,SC,thread
"Fort Drum, FL",184 Florida's Turnpike,Okeechobee,FL,34972,USA,6,"27.601444, -80.822187",16,Open,2014-11-26,SC,thread
"Paramus, NJ",530 New Jersey 17,Paramus,NJ,7652,USA,8,"40.957429, -74.07408",15,Open,2014-11-26,SC,thread
"Primm, NV",31900 Las Vegas Blvd S,Primm,NV,89019,USA,8,"35.610687, -115.388028",795,Open,2014-11-26,SC,thread
"Orlando, FL",Turkey Lake Service Plaza,Orlando,FL,32835,USA,6,"28.514874, -81.500214",1,Open,2014-11-21,SC,thread
"Decatur, GA",1580 Church St,Decatur,GA,30033,USA,4,"33.793217, -84.285379",310,Open,2014-11-20,SC,thread
"Rancho Cucamonga, CA",12505 North Main Street,Rancho Cucamonga,CA,91739,USA,12,"34.113592, -117.529406",381,Open,2014-11-20,SC,thread
"Dayton, OH",9200 N Main St,Dayton,OH,45445,USA,8,"39.85675, -84.276458",258,Open,2014-11-11,SC,thread
"Salisbury, MD",2300 North Salisbury Blvd.,Salisbury,MD,21801,USA,6,"38.401648, -75.564818",12,Open,2014-11-08,SC,thread
"Denver, CO",4310 Airport Way,Denver,CO,80239,USA,6,"39.775259, -104.794674","1,641",Open,2014-11-08,SC,thread
"Country Club Hills, IL",4201 167th St,Country Club Hills,IL,60478,USA,8,"41.584927, -87.721062",205,Open,2014-11-08,SC,thread
"Ocala, FL",4414 SW College Road,Ocala,FL,34474,USA,8,"29.140985, -82.19395",23,Open,2014-11-03,SC,thread
"Indianapolis, IN",5120 Victory Drive,Indianapolis,IN,46203,USA,8,"39.702444, -86.079687",253,Open,2014-10-29,SC,thread
"Missoula, MT",5280 Grant Creek Rd,Missoula,MT,59808,USA,6,"46.912545, -114.031824","1,009",Open,2014-10-29,SC,thread
"Sagamore, MA",22 Meetinghouse Ln,Sagamore,MA,2562,USA,8,"41.781242, -70.540271",26,Open,2014-10-27,SC,thread
"Bozeman, MT",2023 Commerce Way,Bozeman,MT,59715,USA,4,"45.700078, -111.062569","1,442",Open,2014-10-22,SC,thread
"Big Timber, MT",228 Big Timber Loop Rd,Big Timber,MT,59011,USA,4,"45.836945, -109.944577","1,245",Open,2014-10-22,SC,thread
"Topeka, KS",5930 Huntoon Street,Topeka,KS,66614,USA,8,"39.044199, -95.76046",283,Open,2014-10-17,SC,thread
"Cordes Lakes, AZ",14925 Cordes Lakes Rd,Mayer,AZ,86333,USA,6,"34.327131, -112.118432","1,150",Open,2014-10-14,SC,thread
"Lafayette, IN",4901 Indiana 26,Lafayette,IN,47905,USA,8,"40.416993, -86.812428",202,Open,2014-10-10,SC,thread
"Casa Grande, AZ",2453 E Florence,Casa Grande,AZ,85194,USA,6,"32.87888, -111.681742",435,Open,2014-09-30,SC,thread
"Indio, CA",42100 Jackson St,Indio,CA,92203,USA,8,"33.741484, -116.215019",-3,Open,2014-09-26,SC,thread
"Brandon, FL",2400 W Brandon Blvd,Brandon,FL,33511,USA,8,"27.940831, -82.323648",12,Open,2014-09-24,SC,thread
"Oxnard, CA",2751 Park View Ct,Oxnard,CA,93036,USA,10,"34.238654, -119.177398",24,Open,2014-09-24,SC,thread
"Grand Ave (SC), Chicago, IL",1053 W Grand Ave,Chicago,IL,60642,USA,2,"41.890732, -87.654125",181,Open,2014-09-09,SC,thread
"Chattanooga, TN",1001 Airport Rd,Chattanooga,TN,37421,USA,6,"35.037458, -85.196339",204,Open,2014-09-04,SC,thread
"Truckee, CA",11290 Donner Pass Rd,Truckee,CA,96161,USA,6,"39.327507, -120.207373","1,967",Open,2014-08-26,SC,thread
"Edison, NJ",199 Lafayette Ave,Edison,NJ,8837,USA,8,"40.544814, -74.333248",30,Open,2014-08-22,SC,thread
"Lake City, FL",2893 W US Highway 90,Lake City,FL,32055,USA,6,"30.181429, -82.679701",46,Open,2014-08-20,SC,thread
"St. George, UT",1091 N Bluff St,St. George,UT,84770,USA,4,"37.125336, -113.60272",887,Open,2014-08-14,SC,thread
"South Hill, VA",1791 N Mecklenburg Ave,South Hill,VA,23970,USA,6,"36.748445, -78.103764",125,Open,2014-08-07,SC,thread
"The Dalles, OR",2114 W 6th,The Dalles,OR,97058,USA,5,"45.611964, -121.208526",45,Open,2014-08-01,SC,thread
"Billings, MT",1801 Majestic LN,Billings,MT,59102,USA,4,"45.733716, -108.604573",978,Open,2014-07-23,SC,thread
"Wickenburg, AZ",155 N Tegner Tt,Wickenburg,AZ,85390,USA,6,"33.970233, -112.73165",628,Open,2014-07-11,SC,thread
"Tifton, GA",1310 U.S. 82,Tifton,GA,31794,USA,8,"31.448583, -83.534472",92,Open,2014-07-10,SC,thread
"Salina, KS",755 W Diamond Dr,Salina,KS,67401,USA,6,"38.877342, -97.618699",371,Open,2014-07-04,SC,thread
"Limon, CO",2221 6th St,Limon,CO,80828,USA,6,"39.268842, -103.708604","1,652",Open,2014-06-21,SC,thread
"Goodland, KS",2631 Enterprise Rd,Goodland,KS,67735,USA,6,"39.326253, -101.725171","1,129",Open,2014-06-13,SC,thread
"Hays, KS",4101 Vine St,Hays,KS,67601,USA,6,"38.900543, -99.319142",626,Open,2014-06-12,SC,thread
"Nephi, UT",2100 S Main St,Nephi,UT,84648,USA,6,"39.678397, -111.840704","1,555",Open,2014-06-11,SC,thread
"Ritzville, WA",105 Galbreath Way,Ritzville,WA,99169,USA,4,"47.116294, -118.368328",570,Open,2014-05-18,SC,thread
"Gila Bend, AZ",826 W Pima St,Gila Bend,AZ,85337,USA,8,"32.943969, -112.733506",221,Open,2014-05-17,SC,thread
"Macon, GA",450 Martin Luther King Jr Blvd,Macon,GA,31201,USA,8,"32.833428, -83.625557",98,Open,2014-05-08,SC,thread
"Triadelphia, WV",35 Bob Wise Drive,Triadelphia,WV,26059,USA,4,"40.060757, -80.602874",397,Open,2014-05-07,SC,thread
"San Juan Capistrano, CA",31971 Camino Capistrano,San Juan Capistrano,CA,92675,USA,7,"33.498458, -117.6632",30,Open,2014-05-06,SC,thread
"Woodbridge, VA",2700 Potomac Mills Circle,Woodbridge,VA,22192,USA,8,"38.64082, -77.29633",63,Open,2014-05-02,SC,thread
"Albany, NY",131 Colonie Center,Albany,NY,12205,USA,6,"42.710356, -73.819109",88,Open,2014-04-30,SC,thread
"Roseville, CA",1151 Galleria Blvd,Roseville,CA,95678,USA,7,"38.771208, -121.266149",66,Open,2014-04-29,SC,thread
"Hamilton Marketplace, NJ",425 Marketplace Blvd,Hamilton Township,NJ,8691,USA,6,"40.195539, -74.641375",21,Open,2014-04-22,SC,thread
"Beaver, UT",Littlefield Interchange,Beaver,UT,84713,USA,4,"38.249149, -112.652524","1,790",Open,2014-04-14,SC,thread
"Richfield, UT",20 W 1400 N,Richfield,UT,84701,USA,4,"38.788161, -112.083841","1,659",Open,2014-04-04,SC,thread
"Cranberry, PA",1308 Freedom Rd,Cranberry Township,PA,16066,USA,6,"40.683982, -80.10839",312,Open,2014-04-04,SC,thread
"Buckeye, AZ",416 S Watson RD,Buckeye,AZ,85326,USA,8,"33.443011, -112.556876",338,Open,2014-03-20,SC,thread
"Green River, UT",1765 East Main St,Green River,UT,84525,USA,4,"38.993577, -110.140513","1,240",Open,2014-03-17,SC,thread
"Plymouth, NC",840 U.S. 64,Plymouth,NC,27962,USA,8,"35.850587, -76.756116",5,Open,2014-03-12,SC,thread
"Lone Tree, CO",8401 Park Meadows Center Dr,Lone Tree,CO,80124,USA,4,"39.563776, -104.875651","1,785",Open,2014-02-26,SC,thread
"Aurora, IL",205 N. Broadway,Aurora,IL,60505,USA,4,"41.760671, -88.309184",197,Open,2014-02-24,SC,thread
"Las Vegas, NV",701 Bridger Ave,Las Vegas,NV,89101,USA,6,"36.165906, -115.138655",609,Open,2014-02-19,SC,thread
"Pleasant Prairie, WI",11211 120th Avenue,Pleasant Prairie,WI,53158,USA,8,"42.518715, -87.950428",216,Open,2014-02-13,SC,thread
"Greenwich, CT (north)",3000 Merritt Parkway,Greenwich,CT,6830,USA,4,"41.041538, -73.671661",82,Open,2014-02-12,SC,thread
"Greenwich, CT (south)",2000 Merritt Parkway,Greenwich,CT,6830,USA,4,"41.040555, -73.673445",81,Open,2014-02-12,SC,thread
"Yuma, AZ",310 N Madison Ave,Yuma,AZ,85364,USA,8,"32.726686, -114.619093",43,Open,2014-02-04,SC,thread
"Eau Claire, WI",4601 Keystone Crossing,Eau Claire,WI,54701,USA,6,"44.77083, -91.43711",293,Open,2014-01-30,SC,thread
"Bethesda, MD",7101 Democracy Blvd,Bethesda,MD,20817,USA,2,"39.023876, -77.144352",92,Open,2014-01-30,SC,thread
"Hagerstown, MD",495 Premium Outlets Blvd,Hagerstown,MD,21740,USA,6,"39.605859, -77.733324",164,Open,2014-01-23,SC,thread
"Kingman, AZ",789 West Beale Street,Kingman,AZ,86401,USA,6,"35.191331, -114.065592","1,025",Open,2014-01-22,SC,thread
"Moab, UT",16 South Main St.,Moab,UT,84511,USA,4,"38.573122, -109.552368","1,224",Open,2014-01-22,SC,thread
"Cheyenne, WY",1400 Dell Range Blvd,Cheyenne,WY,82009,USA,4,"41.161085, -104.804955","1,859",Open,2014-01-20,SC,thread
"Syosset, NY",7 Aeriel Way,Syosset,NY,11791,USA,4,"40.799839, -73.515267",56,Open,2014-01-18,SC,thread
"Lumberton, NC",5093 Fayetteville Road,Lumberton,NC,28358,USA,4,"34.667629, -79.002343",40,Open,2014-01-17,SC,thread
"Macedonia, OH",8210 Macedonia Commons Blvd,Macedonia,OH,44056,USA,6,"41.313663, -81.517018",296,Open,2014-01-15,SC,thread
"Albert Lea, MN",811 East Plaza St,Albert Lea,MN,56007,USA,4,"43.68606, -93.357721",383,Open,2014-01-15,SC,thread
"Holbrook, AZ",2096 Navajo Blvd,Holbrook,AZ,86025,USA,4,"34.922962, -110.145558","1,596",Open,2014-01-15,SC,thread
"Savannah, GA",400 Airways Avenue,Savannah,GA,31408,USA,6,"32.135507, -81.212767",6,Open,2014-01-15,SC,thread
"Madison, WI",89 E Towne Mall,Madison,WI,53704,USA,3,"43.12669, -89.306896",267,Open,2014-01-13,SC,thread
"Blanding, UT",12 N Grayson Pkwy,Blanding,UT,84511,USA,4,"37.625553, -109.473842","1,849",Open,2014-01-13,SC,thread
"Maumee, OH",1391 Conant Street,Maumee,OH,43537,USA,6,"41.57835, -83.66465",192,Open,2014-01-13,SC,thread
"Farmington, NM",4200 Sierra Vista Dr,Farmington,NM,87402,USA,4,"36.766371, -108.144047","1,673",Open,2014-01-10,SC,thread
"Flagstaff, AZ",2650 S Beulah Blvd,Flagstaff,AZ,86001,USA,4,"35.174272, -111.66328","2,106",Open,2014-01-10,SC,thread
"Somerset, PA",1030 North Center Avenue,Somerset,PA,15501,USA,6,"40.017383, -79.077117",640,Open,2014-01-10,SC,thread
"Grand Junction, CO",2420 U.S. 6,Grand Junction,CO,81505,USA,6,"39.090758, -108.604325","1,386",Open,2014-01-10,SC,thread
"Gallup, NM",111 Twin Buttes Rd,Gallup,NM,87301,USA,4,"35.505278, -108.828094","1,970",Open,2014-01-07,SC,thread
"East Greenwich, RI",1000 Division St,East Greenwich,RI,2818,USA,8,"41.660517, -71.497242",73,Open,2014-01-06,SC,forum
"La Crosse, WI",2845 Midwest Dr,Onalaska,WI,54650,USA,6,"43.879042, -91.188428",219,Open,2014-01-05,SC,thread
"St Augustine, FL","2700 State Road 16, Suite 200",St. Augustine,FL,32092,USA,6,"29.920735, -81.416337",14,Open,2014-01-03,SC,thread
"Murdo, SD",302 W 5th St,Murdo,SD,57559,USA,4,"43.886915, -100.716887",691,Open,2013-12-31,SC,thread
"Santee, SC",114 Bradford Blvd.,Santee,SC,29142,USA,6,"33.485858, -80.475763",39,Open,2013-12-27,SC,thread
"JFK Airport, NY",150th Ave and 147th St,Queens,NY,11430,USA,4,"40.66319, -73.793192",3,Open,2013-12-23,SC,thread
"Ellensburg, WA",1620 Canyon Rd,Ellensburg,WA,98926,USA,5,"46.976918, -120.54162",454,Open,2013-12-23,SC,thread
"Detroit Lake, OR",210 D Street,Detroit,OR,97342,USA,6,"44.737025, -122.152108",492,Open,2013-12-23,SC,forum
"Highland Park (SC), IL",1200 Old Skokie Road,Highland Park,IL,60035,USA,4,"42.17434, -87.816626",195,Open,2013-12-20,SC,thread
"Lusk, WY",730 S. Main St,Lusk,WY,82225,USA,4,"42.75625, -104.45267","1,529",Open,2013-12-19,SC,thread
"Vacaville, CA",321 Nut Tree RD,Vacaville,CA,95687,USA,8,"38.366645, -121.958136",34,Open,2013-12-19,SC,thread
"Mitchell, SD",1305 W. Havens Street,Mitchell,SD,57301,USA,6,"43.701129, -98.0445",410,Open,2013-12-18,SC,forum
"Worthington, MN",1290 Ryan's Rd,Worthington,MN,56187,USA,6,"43.63385, -95.595647",478,Open,2013-12-11,SC,thread
"Mishawaka, IN",6501 Grape Rd,Mishawaka,IN,46545,USA,6,"41.7174, -86.1887",234,Open,2013-12-11,SC,thread
"Angola, IN",3855 Indiana Rte 127,Angola,IN,46703,USA,6,"41.699048, -85.000326",329,Open,2013-12-09,SC,thread
"Mauston, WI",640 Mc Evoy St,Mauston,WI,53948,USA,6,"43.795551, -90.059358",265,Open,2013-12-09,SC,forum
"St. Joseph, MI",3260 Niles Rd,St. Joseph,MI,49085,USA,8,"42.056357, -86.456352",210,Open,2013-11-26,SC,thread
"Rapid City, SD",2200 N. Maple Ave,Rapid City,SD,57701,USA,4,"44.105601, -103.212569","1,006",Open,2013-11-25,SC,forum
"Huntsville, TX",148 Interstate 45,Huntsville,TX,77340,USA,6,"30.716158, -95.565944",123,Open,2013-11-20,SC,forum
"Folsom, CA",13000 Folsom Blvd,Folsom,CA,95630,USA,4,"38.64258, -121.18806",63,Open,2013-11-19,SC,forum
"Corsicana, TX",2035 Interstate 45 Frontage Rd,Corsicana,TX,75109,USA,6,"32.068577, -96.448229",132,Open,2013-11-15,SC,forum
"Quartzsite, AZ",1451 W Main St,Quartzsite,AZ,85346,USA,8,"33.661314, -114.242174",280,Open,2013-11-14,SC,forum
"Rocky Mount, NC",651 N. Winstead Avenue,Rocky Mount,NC,27804,USA,8,"35.972874, -77.84687",40,Open,2013-11-08,SC,thread
"Springfield, OR",919 Kruse Way,Springfield,OR,97477,USA,8,"44.082605, -123.037471",133,Open,2013-11-02,SC,forum
"Glen Allen, VA",9860 Brook Rd,Glen Allen,VA,23059,USA,8,"37.669832, -77.461419",49,Open,2013-10-24,SC,forum
"Mt Shasta, CA",111 Morgan Way,Mt. Shasta,CA,96067,USA,4,"41.310233, -122.317278","1,066",Open,2013-10-23,SC,forum
"Grants Pass, OR",1900 NW 6th St.,Grants Pass,OR,97526,USA,4,"42.460883, -123.324124",335,Open,2013-10-22,SC,forum
"Corning, CA",950 Hwy 99,Corning,CA,96021,USA,6,"39.926454, -122.198393",87,Open,2013-10-18,SC,forum
"Burlington, NC",1080 Piper Ln,Burlington,NC,27215,USA,8,"36.07079, -79.511211",197,Open,2013-10-16,SC,thread
"Columbus, TX",2535 Texas 71,Columbus,TX,78934,USA,6,"29.690062, -96.537725",57,Open,2013-10-07,SC,forum
"Silverthorne, CO",309 Rainbow Dr,Silverthorne,CO,80498,USA,8,"39.631457, -106.070816","2,670",Open,2013-10-03,SC,forum
"Glenwood Springs, CO",125 Wulfsohn Rd,Glenwood Springs,CO,81601,USA,6,"39.55268, -107.340168","1,762",Open,2013-09-17,SC,thread
"Port Orange, FL",5302 S. Williamson Blvd,Port Orange,FL,32128,USA,6,"29.108566, -81.034569",7,Open,2013-09-13,SC,forum
"Rockford, IL",7200 Harrison Ave,Rockford,IL,61112,USA,6,"42.243896, -88.978877",238,Open,2013-09-12,SC,thread
"Waco, TX",701 Interstate 35,Bellmead,TX,76705,USA,8,"31.58224, -97.10915",124,Open,2013-09-07,SC,forum
"Woodburn, OR",255 N Arney Rd,Woodburn,OR,97071,USA,8,"45.15313, -122.881254",56,Open,2013-08-28,SC,forum
"San Marcos, TX",3939 Interstate 35,San Marcos,TX,78666,USA,5,"29.827692, -97.979677",202,Open,2013-08-20,SC,forum
"Fremont, CA",45500 Fremont Blvd,Fremont,CA,94538,USA,12,"37.493447, -121.945654",6,Open,2013-08-16,SC,thread
"Fort Myers, FL",9903 Gulf Coast Main Street,Fort Myers,FL,33913,USA,8,"26.48564, -81.787136",6,Open,2013-07-25,SC,forum
"Port St. Lucie, FL",1773 N.W. St. Lucie W. Boulevard,Port St. Lucie,FL,34986,USA,8,"27.313023, -80.406688",8,Open,2013-07-24,SC,forum
"Centralia, WA",1200 Lum Rd,Centralia,WA,98531,USA,10,"46.729732, -122.977454",56,Open,2013-07-17,SC,forum
"Burlington, WA",9384 Old Highway 99,Burlington,WA,98233,USA,8,"48.509772, -122.338625",7,Open,2013-07-13,SC,forum
"Buellton, CA",555 McMurray RD,Buellton,CA,93427,USA,8,"34.61456, -120.188387",114,Open,2013-07-13,SC,forum
"Atascadero, CA",6950 El Camino Real,Atascadero,CA,93422,USA,8,"35.48656, -120.66633",262,Open,2013-07-03,SC,forum
"Normal, IL",Uptown Station Parking Deck 11 Uptown Circle,Normal,IL,61761,USA,4,"40.508497, -88.985575",236,Open,2013-06-26,SC,thread
"Darien, CT (south)",I-95 South after exit 10,Darien,CT,6820,USA,4,"41.068167, -73.504659",14,Open,2013-06-19,SC,forum
"Darien, CT (north)",Connecticut Welcome Center,Darien,CT,6820,USA,4,"41.080599, -73.461905",13,Open,2013-06-19,SC,forum
"Newark, DE",530 JFK Memorial Highway,Newark,DE,19725,USA,12,"39.662313, -75.69198",18,Open,2012-12-21,SC,thread
"Milford, CT (south)",1 CT Turnpike S,Milford,CT,6460,USA,2,"41.246232, -73.010529",19,Open,2012-12-16,SC,forum
"Milford, CT (north)",1 CT Turnpike N,Milford,CT,6460,USA,2,"41.245814, -73.008988",19,Open,2012-12-16,SC,forum
"Tejon Ranch, CA",5602 Dennis McCarthy Dr,Lebec,CA,93243,USA,6,"34.98734, -118.94623",337,Open,2012-11-19,SC,forum
"Hawthorne, CA",1 Rocket Rd,Hawthorne,CA,90250,USA,12,"33.921068, -118.330054",18,Open,2012-11-19,SC,forum
"Harris Ranch, CA",24505 W. Dorris Ave,Coalinga,CA,93210,USA,10,"36.25415, -120.237896",139,Open,2012-11-19,SC,thread
"Gilroy, CA",681 Leavesley Road,Gilroy,CA,95020,USA,10,"37.02493, -121.56542",63,Open,2012-11-19,SC,forum
"Barstow, CA",2812 Lenwood Rd,Barstow,CA,92311,USA,8,"34.849129, -117.085446",725,Open,2012-11-19,SC,thread
"Bay City, MI",2980 Wilder Road,Bay City,MI,48706,USA,8,"43.622754, -83.935306",181,Permit,,SC,thread
"West Des Moines, IA",1725 Jordan Creek Parkway,West Des Moines,IA,50266,USA,8,"41.599001, -93.806334",300,Permit,,SC,thread
"Napa, CA",Devlin Rd & Airport Blvd,Napa,CA,94558,USA,8,"38.2356, -122.264",15,Construction,,SC,thread
"Fremont-2, CA",47400 Kato Rd,Fremont,CA,,USA,20,"37.479048, -121.933194",7,Construction,,SC,thread
"Temecula, CA",40780 Ring Rd,Temecula,CA,92591,USA,10,"33.523222, -117.153291",324,Construction,,SC,thread
"Southampton, NY",850 Southampton Bypass,Southampton,NY,11968,USA,8,"40.891923, -72.426968",14,Construction,,SC,thread
"Lindale, TX",Collin Street Bakery 17044 I-20,Lindale,TX,75771,USA,8,"32.470768, -95.450547",167,Construction,,SC,thread
"Harrisburg, PA",3915 Union Deposit Road,Harrisburg,PA,17109,USA,8,"40.276987, -76.823224",145,Construction,,SC,thread
"Erie, PA",2225 Downs Dr,Erie,PA,16509,USA,8,"42.049473, -80.086281",358,Construction,,SC,thread
"Shreveport, LA",1133 St. Vincent Ave,Shreveport,LA,71104,USA,8,"32.478813, -93.754363",59,Construction,,SC,thread
"Pocatello, ID",Clarion Inn is 1399 Bench Rd,Pocatello,ID,83201,USA,6,"42.899575, -112.434602","1,409",Construction,,SC,thread
"Idaho Falls, ID",1490 Milligan Road,Idaho Falls,ID,,USA,6,"43.48473, -112.05128","1,426",Construction,,SC,thread
"Plattsburgh, NY",60 Smithfield Blvd,Plattsburgh,NY,12901,USA,8,"44.704568, -73.491787",94,Construction,,SC,thread
"Laurel, MD",14700 Baltimore Ave,Laurel,MD,20707,USA,8,"39.09506, -76.858193",55,Construction,,SC,thread
"Crescent City, CA",1064 Front St,Crescent City,CA,95531,USA,6,"41.752546, -124.194827",4,Permit,,SC,thread
"Santa Barbara, CA",400 Hitchcock Way,Santa Barbara,CA,93105,USA,8,"34.433391, -119.745638",50,Permit,,SC,thread
"Placerville, CA",1200 Broadway,Placerville,CA,95667,USA,6,"38.730986, -120.787437",581,Permit,,SC,thread
"Tonopah, NV",201 N. Main St.,Tonopah,NV,89049,USA,6,"38.069725, -117.232258","1,834",Permit,,SC,thread
"Catoosa, OK",19250 Timbercrest Cir,Catoosa,OK,74015,USA,6,"36.167306, -95.766217",209,Permit,,SC,thread
"Eureka, CA","Bayshore Mall, 3300 Broadway St",Eureka,CA,95501,USA,8,"40.778787, -124.188448",6,Permit,,SC,thread
"Sulphur Springs, TX",300 Block of Tomlinson St,Sulphur Springs,TX,75482,USA,8,"33.137078, -95.603048",151,Permit,,SC,thread
"Rolla, MO",1705 Martin Spring Dr,Rolla,MO,65401,USA,8,"37.939955, -91.802578",293,Permit,,SC,thread
"Peru, IL",1651 Midtown Rd,Peru,IL,61354,USA,8,"41.347767, -89.126105",195,Permit,,SC,thread
"Santa Ana, CA",2800 N Main St,Santa Ana,CA,92705,USA,12,"33.776011, -117.872176",47,Permit,,SC,thread
"Lima, MT","108 Bailey St,",Lima,MT,59739,USA,6,"44.632745, -112.591203","1,912",Permit,,SC,thread
"Groveland, CA",11875 Ponderosa Ln,Groveland,CA,95321,USA,4,"37.8388, -120.2319",865,Permit,,SC,thread
"Cisco, TX",16851 Interstate Highway 20,Cisco,TX,76437,USA,6,"32.373757, -99.008653",513,Permit,,SC,thread
"Lee, MA",10 Pleasant Street,Lee,MA,1238,USA,8,"42.295581, -73.239888",267,Permit,,SC,thread
"Sweetwater, TX",300 SE Georgia Ave,Sweetwater,TX,79556,USA,8,"32.451357, -100.392278",660,Permit,,SC,thread
"Springfield, MO",3050 North Kentwood St,Springfield,MO,65803,USA,8,"37.253227, -93.265842",398,Permit,,SC,thread
"Alexandria, LA",701 4th St.,Alexandria,LA,71301,USA,6,"31.312501, -92.447187",23,Permit,,SC,thread
"Meridian, MS",1210 Bonita Lakes Drive,Meridian,MS,39301,USA,8,"32.35748, -88.667805",122,Permit,,SC,thread